SUPPLIER_ERP,SUPPLIER_ADDRESS,SUPPLIER_CITY,SUPPLIER_STATE,SUPPLIER_ZIP_POSTAL_CDE,SUPPLIER_COUNTRY
BRAINBOX DESIGN ESTRATEGICO S A,,CURITBA,,,BRASIL
CHRISTIAN D STORZ,FRANCHISE PERFORMANCE 9 CORONET TERRACE,BURLINGTON,NJ,8016,US
COOPERATIVE FOR ASSISTANCE AND RELIEF EVERYWHERE INC.,151 ELLIS STREET NE,ATLANTA,GA,30303,US
FWH,325 SUB WAY,MILFORD,CT,6461,USA
INTERNATIONAL ASSOCIATION OF IT ASSET MANAGERS,IAITAM 4848 MUNSON STREET NW,CANTON,OH,44718,US
MATTHEW MILLER,BUSINESS ANALYTICS 266 LEMUR DRIVE,SAN ANTONIO,TX,78213,US
NEXO,,BRUSSELS,,,BELGUIM
"REINHART FOODSERVICE, L.L.C.-WISCONSIN",100 HARBOR VIEW PLAZA SUITE 200,LA CROSSE,WI,54601,US
WIGGIN AND DANA LLP,ATTENTION: ACCOUNTS RECEIVABLE P.O. BOX 1832,NEW HAVEN,CT,06508-1832,US
"WILLIAM MORRIS ENDEAVOR ENTERTAINMENT, LLC",1201 DEMONBREUN STREET 15TH FLOOR,NASHVILLE,TN,37203,US
